Order_id,Order_Detail_id,product_id,quantity,discount_percent,unit_price,total_amount
1,1,23,2,6.83,1499,2793.24
2,2,188,2,21.27,1999,3147.63
2,3,310,1,21.01,1699,1342.04
2,4,344,1,1.4,2499,2464.01
2,5,50,1,4.1,1399,1341.64
3,6,277,1,11.42,1299,1150.65
3,7,354,1,6.22,2999,2812.46
3,8,145,1,5,1199,1139.05
3,9,195,1,5.7,1999,1885.06
4,10,103,1,2.65,939,914.12
5,11,79,1,3.43,1599,1544.15
5,12,276,1,13.49,1499,1296.78
5,13,88,2,11.91,1299,2288.58
5,14,274,1,0.41,3999,3982.6
6,15,173,2,27.51,1499,2173.25
6,16,229,1,8.59,1499,1370.24
6,17,183,1,18.33,1799,1469.24
7,18,158,1,10.36,949,850.68
8,19,367,1,19.57,1499,1205.65
9,20,70,1,4.36,1499,1433.64
9,21,73,1,18.56,1499,1220.79
10,22,374,2,9.26,399,724.11
11,23,31,1,4.05,1699,1630.19
11,24,221,2,12.85,399,695.46
11,25,204,2,13.5,1599,2766.27
11,26,285,2,15.88,2999,5045.52
12,27,105,1,14.03,1999,1718.54
13,28,216,1,14.8,449,382.55
13,29,53,2,2.64,1399,2724.13
14,30,56,2,23.45,1299,1988.77
14,31,219,1,7.69,449,414.47
14,32,181,3,4.04,2499,7194.12
14,33,45,2,20.05,1599,2556.8
14,34,273,1,9.65,1599,1444.7
15,35,63,1,9.31,849,769.96
15,36,202,1,23.18,1799,1381.99
16,37,318,1,12.46,299,261.74
16,38,167,3,14.09,1499,3863.37
17,39,174,2,8.1,1449,2663.26
17,40,231,1,17.82,1381,1134.91
18,41,357,1,1.54,2699,2657.44
19,42,359,1,0.47,3999,3980.2
19,43,85,1,2.13,1599,1564.94
20,44,204,1,14.5,1599,1367.14
20,45,320,1,0.43,279,277.8
20,46,143,1,19.31,879,709.27
20,47,21,1,13.47,2499,2162.38
20,48,294,1,13.28,1999,1733.53
20,49,237,3,9.29,1499,4079.23
21,50,33,1,18.62,2499,2033.69
22,51,286,1,5.08,1999,1897.45
22,52,180,5,2.88,2499,12135.14
22,53,366,1,11.14,499,443.41
22,54,325,2,11.2,199,353.42
23,55,350,1,11.16,3499,3108.51
23,56,75,1,1.99,1199,1175.14
23,57,332,2,5.62,2999,5660.91
23,58,26,1,6.74,999,931.67
23,59,171,1,1.53,1699,1673.01
23,60,251,1,1.6,999,983.02
24,61,330,1,19.65,1499,1204.45
24,62,378,1,6.96,2999,2790.27
24,63,81,1,7.96,1499,1379.68
24,64,221,1,0.92,399,395.33
24,65,60,1,4.5,1299,1240.54
24,66,143,2,14.69,879,1499.75
24,67,290,1,0.29,1299,1295.23
24,68,43,1,3.38,2999,2897.63
24,69,115,2,15.4,1999,3382.31
24,70,84,1,1.69,1299,1277.05
24,71,217,1,22.32,499,387.62
24,72,280,1,6.39,2499,2339.31
24,73,124,1,18.33,1299,1060.89
24,74,34,3,12.2,1499,3948.37
24,75,317,2,1.02,499,987.82
24,76,61,2,20.59,1199,1904.25
24,77,148,2,9.14,499,906.78
24,78,354,1,16,2999,2519.16
24,79,75,1,11.39,1199,1062.43
24,80,103,3,1.17,939,2784.04
24,81,325,2,1.86,199,390.6
25,82,352,2,8.14,1999,3672.56
25,83,163,1,16.9,599,497.77
25,84,346,1,7.03,2499,2323.32
26,85,18,1,13.86,449,386.77
26,86,3,1,0.93,599,593.43
26,87,39,5,2.44,2999,14629.12
26,88,270,1,15.58,1999,1687.56
27,89,305,1,7.59,1299,1200.41
27,90,109,1,8.53,10999,10060.79
28,91,317,2,9.73,499,900.89
29,92,226,1,7.77,1499,1382.53
29,93,270,2,17.52,1999,3297.55
29,94,145,1,12.53,1199,1048.77
30,95,54,2,13.72,999,1723.87
30,96,213,1,28.99,449,318.83
30,97,283,1,10.32,349,312.98
30,98,217,1,20.92,499,394.61
31,99,6,1,8.68,399,364.37
31,100,74,1,10.49,1399,1252.24
32,101,147,1,7.21,1429,1325.97
32,102,238,1,9.48,1599,1447.41
32,103,201,1,20.18,1799,1435.96
33,104,148,1,9.47,499,451.74
33,105,142,2,19.95,989,1583.39
33,106,76,1,8.86,1999,1821.89
33,107,52,1,3.66,1999,1925.84
34,108,282,1,5.08,1599,1517.77
34,109,17,2,6.85,699,1302.24
35,110,112,2,5.57,9999,18884.11
36,111,327,1,13.41,599,518.67
36,112,72,1,11.81,999,881.02
36,113,194,1,13.44,2199,1903.45
37,114,64,2,5.86,1899,3575.44
37,115,187,1,14.82,1999,1702.75
37,116,144,2,14.8,769,1310.38
37,117,195,1,1.97,1999,1959.62
38,118,309,1,11.61,1199,1059.8
38,119,70,1,6.69,1499,1398.72
39,120,117,1,20.63,1599,1269.13
40,121,221,2,16.92,399,662.98
40,122,322,1,16.36,949,793.74
41,123,134,3,8.23,549,1511.45
41,124,74,1,20.72,1399,1109.13
41,125,263,1,12.43,1299,1137.53
42,126,133,2,0.54,1799,3578.57
43,127,234,1,4.42,1999,1910.64
43,128,161,1,14.18,199,170.78
43,129,270,1,14.07,1999,1717.74
44,130,333,1,12.54,2699,2360.55
44,131,124,1,9.08,1299,1181.05
44,132,365,1,13.96,1499,1289.74
44,133,29,1,9.26,1381,1253.12
45,134,192,1,9.09,2999,2726.39
45,135,344,1,23.96,2499,1900.24
45,136,112,1,17.64,9999,8235.18
45,137,201,1,11.69,1799,1588.7
46,138,90,2,3.43,1999,3860.87
46,139,196,1,21.18,399,314.49
46,140,232,1,13.47,1999,1729.73
46,141,12,2,9.91,449,809.01
46,142,182,1,30.24,2499,1743.3
47,143,367,1,12,1499,1319.12
47,144,42,1,13.86,2999,2583.34
48,145,16,1,6.29,399,373.9
48,146,244,1,6.93,1299,1208.98
48,147,327,1,11.02,599,532.99
49,148,117,1,1.34,1599,1577.57
49,149,265,1,3.69,1799,1732.62
50,150,207,1,19.03,499,404.04
51,151,117,1,15.23,1599,1355.47
52,152,180,1,4.86,2499,2377.55
52,153,166,1,4.29,1499,1434.69
52,154,354,1,19.03,2999,2428.29
53,155,372,1,19.26,1599,1291.03
53,156,200,1,1.35,399,393.61
54,157,92,2,4.65,899,1714.39
54,158,365,1,19.37,1499,1208.64
54,159,61,2,6.67,1199,2238.05
54,160,122,1,2.42,1999,1950.62
54,161,11,1,10.67,499,445.76
54,162,187,1,0.57,1999,1987.61
55,163,332,2,5.85,2999,5647.12
55,164,307,1,22.32,879,682.81
56,165,44,1,11.11,4499,3999.16
57,166,51,2,16.08,1299,2180.24
57,167,241,1,21.46,2999,2355.41
57,168,86,1,5.93,3999,3761.86
57,169,348,1,11.76,4999,4411.12
57,170,246,1,18.77,1299,1055.18
57,171,313,1,1.8,299,293.62
58,172,237,2,3.58,1499,2890.67
58,173,256,3,8.14,1299,3579.78
58,174,134,1,13.01,549,477.58
58,175,222,1,11.4,699,619.31
59,176,143,2,12.9,879,1531.22
59,177,230,1,11.5,999,884.12
59,178,374,1,7.46,399,369.23
59,179,147,1,31.78,1429,974.86
60,180,50,1,14.69,1399,1193.49
61,181,101,2,0.7,3999,7942.01
61,182,80,1,2.77,3999,3888.23
62,183,301,1,8.01,999,918.98
62,184,364,1,9.53,3499,3165.55
63,185,4,1,16.33,449,375.68
63,186,280,1,6.4,2499,2339.06
63,187,259,1,10.79,849,757.39
63,188,341,1,8.43,3499,3204.03
64,189,16,1,20.54,399,317.05
64,190,197,1,10.01,1499,1348.95
65,191,157,1,3.6,799,770.24
65,192,195,1,18.88,1999,1621.59
65,193,211,1,4.73,599,570.67
65,194,310,1,1.4,1699,1675.21
66,195,38,2,0.7,1599,3175.61
67,196,351,1,19.04,1999,1618.39
68,197,337,1,6.22,1499,1405.76
68,198,173,2,4.18,1499,2872.68
69,199,70,1,7.39,1499,1388.22
69,200,279,1,0.13,1999,1996.4
70,201,144,1,3.4,769,742.85
70,202,102,1,8.86,899,819.35
71,203,335,1,21.19,1699,1338.98
71,204,205,1,11.82,1199,1057.28
71,205,219,1,8.53,449,410.7
71,206,53,1,13.73,1399,1206.92
72,207,159,2,7.26,949,1760.21
72,208,10,1,17.9,399,327.58
72,209,13,2,4.21,399,764.4
72,210,100,2,17.74,1999,3288.75
72,211,314,1,20.06,899,718.66
72,212,200,1,10.93,399,355.39
73,213,205,1,6.94,1199,1115.79
74,214,149,1,4.29,299,286.17
75,215,251,1,18.96,999,809.59
75,216,13,1,12.5,399,349.12
76,217,54,2,1.02,999,1977.62
77,218,67,2,25.26,1299,1941.75
77,219,137,1,10.78,999,891.31
77,220,336,1,4.67,1399,1333.67
77,221,103,2,12.39,939,1645.32
78,222,203,1,18.18,1599,1308.3
78,223,291,1,19.6,2299,1848.4
79,224,147,1,14.77,1429,1217.94
79,225,245,2,4.82,1299,2472.78
79,226,48,1,17.8,1299,1067.78
80,227,360,1,2.8,1599,1554.23
80,228,348,2,20.79,4999,7919.42
81,229,280,1,4.22,2499,2393.54
82,230,88,1,14.93,1299,1105.06
83,231,64,2,15.76,1899,3199.44
83,232,156,1,10.09,279,250.85
83,233,238,1,13.8,1599,1378.34
84,234,277,1,24.19,1299,984.77
85,235,161,1,13.84,199,171.46
86,236,282,2,14.94,1599,2720.22
86,237,283,2,2.9,349,677.76
87,238,110,3,10.47,6999,18798.61
87,239,74,2,11.52,1399,2475.67
88,240,209,2,2.86,1499,2912.26
88,241,218,1,10.87,699,623.02
88,242,309,2,10.3,1199,2151.01
88,243,161,1,7.7,199,183.68
88,244,66,1,14.46,999,854.54
89,245,361,1,9.9,2199,1981.3
89,246,262,1,14.19,999,857.24
89,247,89,1,8.09,1699,1561.55
89,248,70,1,26.2,1499,1106.26
89,249,246,1,0.07,1299,1298.09
90,250,289,1,17.95,2099,1722.23
91,251,203,1,5.61,1599,1509.3
91,252,312,1,14.81,499,425.1
92,253,99,2,17.43,1699,2805.73
92,254,156,1,4.44,279,266.61
92,255,57,2,4.78,1799,3426.02
92,256,373,2,7.25,1599,2966.14
92,257,334,1,0.17,1799,1795.94
92,258,85,1,14.42,1599,1368.42
93,259,210,2,13.28,849,1472.51
93,260,281,5,0.03,1599,7992.6
93,261,31,1,10.76,1699,1516.19
93,262,183,1,24.15,1799,1364.54
94,263,277,1,21.17,1299,1024
94,264,205,3,1.91,1199,3528.3
94,265,39,2,4.19,2999,5746.68
95,266,1,1,7.18,849,788.04
95,267,315,1,3.38,499,482.13
95,268,167,1,14.08,1499,1287.94
95,269,230,1,12.23,999,876.82
95,270,318,1,2.82,299,290.57
95,271,225,5,8.69,2499,11409.18
96,272,237,1,11.14,1499,1332.01
97,273,22,1,11.83,1499,1321.67
97,274,225,2,1.48,2499,4924.03
97,275,158,1,11.53,949,839.58
98,276,196,1,10.47,399,357.22
99,277,245,1,19.89,1299,1040.63
99,278,156,1,17.93,279,228.98
99,279,371,2,34.56,1799,2354.53
99,280,311,1,12.63,1429,1248.52
99,281,377,1,7.06,499,463.77
100,282,326,1,13.91,699,601.77
101,283,279,1,15.13,1999,1696.55
101,284,122,1,10.53,1999,1788.51
101,285,188,1,15.59,1999,1687.36
101,286,92,1,6.77,899,838.14
102,287,220,1,4.78,449,427.54
102,288,170,2,16.18,1799,3015.84
103,289,361,1,28.47,2199,1572.94
104,290,303,1,19.48,1299,1045.95
104,291,26,1,6.6,999,933.07
105,292,242,2,10.29,4499,8072.11
106,293,344,1,17.8,2499,2054.18
107,294,102,1,21.66,899,704.28
108,295,29,2,1.22,1381,2728.3
108,296,258,3,22.84,1299,3006.93
108,297,78,1,0.78,999,991.21
109,298,156,1,8.18,279,256.18
109,299,323,2,10.73,949,1694.34
110,300,199,5,5.91,1499,7052.05
110,301,217,1,13.15,499,433.38
110,302,300,2,5.96,999,1878.92
111,303,135,3,7.15,499,1389.96
111,304,263,1,6.54,1299,1214.05
111,305,52,1,8.98,1999,1819.49
112,306,227,2,4.11,1499,2874.78
113,307,103,1,3.04,939,910.45
114,308,9,1,8.25,699,641.33
114,309,295,1,9.96,1499,1349.7
115,310,274,1,32.79,3999,2687.73
115,311,324,1,11.73,449,396.33
115,312,321,1,8.06,799,734.6
116,313,283,1,1.49,349,343.8
116,314,170,1,7.55,1799,1663.18
117,315,131,1,7.62,1499,1384.78
118,316,54,1,11.04,999,888.71
119,317,5,1,10.8,499,445.11
119,318,208,1,13.47,2999,2595.03
120,319,153,1,10.14,499,448.4
121,320,223,1,5.97,449,422.19
121,321,14,1,6.18,499,468.16
121,322,331,2,11.25,1499,2660.72
121,323,77,1,6.59,1699,1587.04
122,324,314,1,4.87,899,855.22
123,325,4,1,16.11,449,376.67
123,326,92,1,0.87,899,891.18
124,327,339,2,13.88,3999,6887.88
124,328,242,1,5.18,4499,4265.95
124,329,185,1,14.66,3999,3412.75
124,330,374,1,6.85,399,371.67
125,331,235,2,11,2499,4448.22
125,332,271,1,15.74,1699,1431.58
125,333,312,1,8.95,499,454.34
125,334,162,1,3.48,699,674.67
125,335,192,1,7.77,2999,2765.98
126,336,156,1,23.17,279,214.36
126,337,149,1,21.73,299,234.03
126,338,251,1,4.3,999,956.04
126,339,1,2,0.55,849,1688.66
127,340,164,1,6.12,2099,1970.54
127,341,220,1,12,449,395.12
128,342,352,1,6.41,1999,1870.86
128,343,222,1,5.54,699,660.28
128,344,108,1,22.01,9499,7408.27
128,345,199,1,10.29,1499,1344.75
128,346,344,1,12.35,2499,2190.37
129,347,183,1,10.3,1799,1613.7
129,348,108,1,14.61,9499,8111.2
129,349,299,1,26.27,499,367.91
130,350,328,2,18.35,2099,3427.67
130,351,257,1,23.06,1199,922.51
130,352,58,1,18.63,1299,1057
130,353,207,2,14.21,499,856.18
131,354,372,2,9.12,1599,2906.34
132,355,365,1,0.68,1499,1488.81
132,356,59,2,18.04,1699,2785
132,357,38,1,11.82,1599,1410
132,358,105,1,23.18,1999,1535.63
133,359,41,3,13.62,2999,7771.61
134,360,336,1,13.89,1399,1204.68
135,361,98,1,8.27,1299,1191.57
135,362,151,1,5.35,499,472.3
135,363,79,2,20.8,1599,2532.82
136,364,102,1,9.24,899,815.93
137,365,309,1,11.58,1199,1060.16
137,366,291,8,20.47,2299,14627.16
137,367,268,1,22.18,999,777.42
137,368,331,1,6.62,1499,1399.77
137,369,366,1,18.69,499,405.74
138,370,218,1,7.19,699,648.74
138,371,280,2,14.67,2499,4264.79
138,372,303,1,4.2,1299,1244.44
139,373,75,1,6.95,1199,1115.67
140,374,95,1,0.7,1999,1985.01
140,375,208,1,1.76,2999,2946.22
141,376,47,1,16.74,1299,1081.55
142,377,249,1,14.66,1999,1705.95
142,378,61,1,7.91,1199,1104.16
142,379,282,1,24.47,1599,1207.72
143,380,215,1,5.95,399,375.26
144,381,174,1,17.54,1449,1194.85
144,382,231,1,6.7,1381,1288.47
144,383,199,1,21.03,1499,1183.76
145,384,228,1,18.09,1299,1064.01
145,385,99,2,7.46,1699,3144.51
145,386,203,3,21.34,1599,3773.32
146,387,247,1,3.59,1399,1348.78
147,388,247,1,0.18,1399,1396.48
147,389,160,1,10.11,449,403.61
148,391,33,5,0.98,2499,12372.55
148,392,80,1,10.3,3999,3587.1
149,393,82,2,9.28,1499,2719.79
149,394,336,1,15.47,1399,1182.57
149,395,37,2,14.11,1499,2574.98
150,396,282,1,12.21,1599,1403.76
150,397,135,2,8.83,499,909.88
151,398,34,1,17.2,1499,1241.17
151,399,248,1,7.8,1299,1197.68
151,400,183,1,10.4,1799,1611.9
152,401,350,1,8.12,3499,3214.88
152,402,68,1,3.86,1199,1152.72
153,403,58,2,20.8,1299,2057.62
153,404,182,2,3.59,2499,4818.57
153,405,275,2,0.96,1499,2969.22
153,406,189,1,4.92,2999,2851.45
153,407,247,1,10.52,1399,1251.83
154,408,259,1,8.33,849,778.28
155,409,62,1,15.44,1299,1098.43
155,410,346,2,17.1,2499,4143.34
155,411,331,1,11.06,1499,1333.21
155,412,332,1,8.65,2999,2739.59
156,413,144,1,19.11,769,622.04
156,414,99,1,18,1699,1393.18
156,415,125,1,10.88,2099,1870.63
156,416,46,2,14.34,1183,2026.72
157,417,75,1,12.73,1199,1046.37
157,418,281,1,0.97,1599,1583.49
158,419,26,2,18.2,999,1634.36
158,420,82,2,17.54,1499,2472.15
158,421,105,1,12.73,1999,1744.53
159,422,152,2,0.7,349,693.11
159,423,230,1,16.2,999,837.16
160,424,372,1,18.06,1599,1310.22
160,425,379,2,13.58,1499,2590.87
160,426,324,1,1.97,449,440.15
161,427,139,1,14.94,1299,1104.93
161,428,111,2,14.52,8999,15384.69
161,429,356,1,15.67,399,336.48
162,430,26,2,1.04,999,1977.22
162,431,115,1,9.27,1999,1813.69
163,432,365,1,17.5,1499,1236.68
163,433,204,1,5.51,1599,1510.9
164,434,3,1,1.85,599,587.92
164,435,173,1,10.65,1499,1339.36
165,436,14,2,6.08,499,937.32
166,437,376,1,20.46,1299,1033.22
167,438,100,1,2.29,1999,1953.22
168,439,34,1,5.64,1499,1414.46
168,440,110,1,2.73,6999,6807.93
168,441,309,1,15.63,1199,1011.6
168,442,157,1,14.83,799,680.51
169,443,92,1,9.33,899,815.12
169,444,2,1,27.3,599,435.47
169,445,236,2,6.78,1499,2794.74
169,446,37,1,8.36,1499,1373.68
169,447,101,1,1.12,3999,3954.21
169,448,156,1,10.05,279,250.96
170,449,211,1,6.46,599,560.3
170,450,267,2,4.24,1299,2487.84
170,451,229,1,20.36,1499,1193.8
171,452,174,1,0.1,1449,1447.55
171,453,275,1,6.05,1499,1408.31
171,454,362,3,8.88,1999,5464.47
171,455,377,2,15.26,499,845.71
171,456,376,2,5.56,1299,2453.55
171,457,249,1,22.92,1999,1540.83
172,458,307,2,9.41,879,1592.57
173,459,59,1,11.35,1699,1506.16
173,460,253,2,1.63,1799,3539.35
174,461,304,2,3.26,1299,2513.31
175,462,44,1,9.61,4499,4066.65
175,463,378,2,14.5,2999,5128.29
176,464,234,1,6.67,1999,1865.67
177,465,313,1,15.33,299,253.16
177,466,19,1,9.5,999,904.1
177,467,317,1,16.38,499,417.26
178,468,94,2,18.05,1999,3276.36
179,469,16,2,8.41,399,730.89
180,470,309,1,21.3,1199,943.61
180,471,203,2,17.61,1599,2634.83
180,472,22,2,1.35,1499,2957.53
181,474,136,1,11.34,999,885.71
181,475,4,1,12.07,449,394.81
181,476,28,2,6.53,1299,2428.35
182,477,181,3,25.89,2499,5556.03
182,478,281,1,17.89,1599,1312.94
182,479,95,1,12.32,1999,1752.72
182,480,231,1,4.56,1381,1318.03
182,481,224,3,15.41,1199,3042.7
183,482,237,2,7.94,1499,2759.96
183,483,346,1,14.77,2499,2129.9
183,484,63,2,7.85,849,1564.71
183,485,374,1,16.97,399,331.29
183,486,202,1,15.52,1799,1519.8
184,487,65,2,5.11,1499,2844.8
184,488,320,1,7.47,279,258.16
184,489,232,1,10.01,1999,1798.9
184,490,211,1,14.47,599,512.32
185,491,7,1,11.13,449,399.03
185,492,82,2,21.64,1499,2349.23
185,493,252,2,7.37,1299,2406.53
185,494,98,1,14.15,1299,1115.19
185,495,80,2,14.28,3999,6855.89
185,496,268,1,12.61,999,873.03
185,497,8,1,15.92,499,419.56
186,498,259,2,9.69,849,1533.46
187,499,113,3,10.92,9999,26721.33
187,500,327,2,7.02,599,1113.9
187,501,205,1,5.86,1199,1128.74
187,502,277,2,6.95,1299,2417.44
188,503,60,2,6.5,1299,2429.13
189,504,202,2,14.9,1799,3061.9
189,505,263,5,14.07,1299,5581.15
189,506,78,1,8.25,999,916.58
190,507,128,2,11.56,1299,2297.67
190,508,373,1,17.87,1599,1313.26
190,509,264,1,12.18,1199,1052.96
190,510,101,1,2.04,3999,3917.42
190,511,21,1,7.44,2499,2313.07
190,512,361,1,10.2,2199,1974.7
191,513,157,1,1.66,799,785.74
191,514,313,1,1.07,299,295.8
192,515,363,1,12.16,399,350.48
193,516,33,2,12.54,2499,4371.25
193,517,134,1,15.75,549,462.53
193,518,206,3,11.87,1299,3434.43
193,519,64,1,14.51,1899,1623.46
193,520,317,2,15.87,499,839.62
193,521,122,2,13.44,1999,3460.67
193,522,123,1,1.27,2499,2467.26
193,523,241,1,27.29,2999,2180.57
193,524,153,1,3.8,499,480.04
194,525,272,1,5.98,999,939.26
195,526,54,1,3.97,999,959.34
195,527,272,1,18.58,999,813.39
195,528,237,1,17.2,1499,1241.17
195,529,85,1,5.3,1599,1514.25
196,530,115,2,2.44,1999,3900.45
196,531,244,1,12,1299,1143.12
197,532,252,2,15.43,1299,2197.13
197,533,330,1,0.12,1499,1497.2
197,534,230,1,11.01,999,889.01
197,535,51,1,10.58,1299,1161.57
198,536,88,1,31.61,1299,888.39
199,537,222,1,7.48,699,646.71
199,538,131,2,8.15,1499,2753.66
199,539,187,2,13.12,1999,3473.46
199,540,71,1,10.82,1299,1158.45
199,541,93,1,0.88,939,930.74
199,542,312,2,5.25,499,945.6
199,543,134,1,8.37,549,503.05
199,544,353,1,4,1999,1919.04
199,545,222,1,12.37,699,612.53
199,546,329,2,13.35,1799,3117.67
199,547,264,1,4.56,1199,1144.33
199,548,346,1,15.2,2499,2119.15
199,549,212,1,8.93,599,545.51
199,550,378,1,20.16,2999,2394.4
199,551,19,1,1.12,999,987.81
199,552,234,1,0.74,1999,1984.21
199,553,295,1,24.16,1499,1136.84
199,554,240,2,8.67,2999,5477.97
199,555,214,1,8.1,499,458.58
200,556,201,2,6.76,1799,3354.78
200,557,136,1,8.56,999,913.49
201,558,298,1,5.35,549,519.63
201,559,194,1,20.93,2199,1738.75
202,560,338,2,1.63,1449,2850.76
203,561,148,3,11.24,499,1328.74
203,562,236,1,5.91,1499,1410.41
203,563,165,2,19.51,1799,2896.03
204,564,371,1,14.02,1799,1546.78
204,565,18,2,15.38,449,759.89
204,566,370,1,12.16,4999,4391.12
205,567,57,1,13.17,1799,1562.07
205,568,287,1,3.16,2499,2420.03
206,569,233,1,13.22,1699,1474.39
206,570,122,2,13.37,1999,3463.47
206,571,250,5,11.13,1399,6216.46
206,572,146,1,1.07,1699,1680.82
206,573,230,1,24.95,999,749.75
206,574,53,1,8.33,1399,1282.46
207,575,112,1,12.19,9999,8780.12
207,576,188,1,8.27,1999,1833.68
207,577,2,1,27.84,599,432.24
208,578,337,1,17.79,1499,1232.33
208,579,238,2,6.69,1599,2984.05
209,580,216,2,20.84,449,710.86
209,581,250,1,21.23,1399,1101.99
209,582,22,1,11.41,1499,1327.96
210,583,138,1,11.2,2199,1952.71
210,584,171,2,13.14,1699,2951.5
211,585,92,1,14.4,899,769.54
211,586,274,1,12.22,3999,3510.32
212,587,236,1,16.73,1499,1248.22
212,588,49,1,17.11,1299,1076.74
213,589,295,1,8.57,1499,1370.54
213,590,73,1,2.01,1499,1468.87
214,591,116,2,7.09,2499,4643.64
214,592,55,1,1.14,1499,1481.91
214,593,91,1,23.33,3999,3066.03
214,594,275,1,4.6,1499,1430.05
214,595,47,1,0.74,1299,1289.39
215,596,18,1,18.19,449,367.33
215,597,236,1,20.23,1499,1195.75
215,598,360,2,18.94,1599,2592.3
216,599,239,2,13.77,2999,5172.08
216,600,72,1,6.58,999,933.27
216,601,204,1,9.57,1599,1445.98
217,602,245,1,2.45,1299,1267.17
217,603,5,1,11.93,499,439.47
218,604,224,1,4.1,1199,1149.84
218,605,283,2,17.44,349,576.27
218,606,214,1,8.45,499,456.83
218,607,377,1,11.85,499,439.87
218,608,37,1,9.83,1499,1351.65
219,609,137,2,24.08,999,1516.88
220,610,42,1,10.01,2999,2698.8
220,611,188,1,1.74,1999,1964.22
220,612,37,1,21.04,1499,1183.61
221,613,37,3,21.17,1499,3544.99
221,614,227,1,6.78,1499,1397.37
221,615,308,1,2.08,769,753
221,616,260,5,3.91,1899,9123.75
222,617,326,2,7.4,699,1294.55
222,618,341,1,23.75,3499,2667.99
222,619,194,2,7.24,2199,4079.58
223,620,363,1,14.79,399,339.99
223,621,40,1,19.07,1599,1294.07
223,622,140,2,16.46,1299,2170.37
224,623,49,2,5.51,1299,2454.85
224,624,13,1,12.87,399,347.65
225,625,148,3,5.79,499,1410.32
225,626,238,1,15.76,1599,1347
225,627,339,2,13.09,3999,6951.06
225,628,333,1,17.22,2699,2234.23
226,629,22,1,17.2,1499,1241.17
227,630,345,3,2.07,2499,7341.81
227,631,131,2,0.58,1499,2980.61
228,632,115,2,15,1999,3398.3
229,633,20,1,13.86,1199,1032.82
229,634,18,2,3.18,449,869.44
229,635,171,3,10.11,1699,4581.69
230,636,30,2,14.29,1999,3426.69
231,637,225,1,9.04,2499,2273.09
232,638,335,1,5.42,1699,1606.91
233,639,379,1,21.6,1499,1175.22
234,640,188,1,12.96,1999,1739.93
234,641,24,1,5.65,1299,1225.61
234,642,377,1,7.99,499,459.13
235,643,46,1,3.74,1183,1138.76
235,644,350,1,15.3,3499,2963.65
235,645,18,1,3.2,449,434.63
236,646,277,1,13.73,1299,1120.65
236,647,241,3,0.6,2999,8943.02
236,648,25,2,1.05,1499,2966.52
237,649,293,2,11.67,1799,3178.11
237,650,80,1,7.53,3999,3697.88
237,651,138,2,6.64,2199,4105.97
238,652,217,2,13.37,499,864.57
238,654,96,2,13.75,3999,6898.28
239,655,310,2,3.13,1699,3291.64
240,656,218,1,19.45,699,563.04
240,657,228,1,17.97,1299,1065.57
241,658,311,1,16.51,1429,1193.07
241,659,337,2,2.32,1499,2928.45
241,660,268,5,21.35,999,3928.57
241,661,20,1,16.34,1199,1003.08
242,662,223,1,0.15,449,448.33
243,663,273,1,12.99,1599,1391.29
244,664,107,2,13.21,1999,3469.86
244,665,164,1,3.55,2099,2024.49
244,666,170,1,2.37,1799,1756.36
245,667,44,1,7.44,4499,4164.27
246,668,307,1,13.02,879,764.55
246,669,140,2,23.55,1299,1986.17
246,670,99,2,2.72,1699,3305.57
247,671,12,1,10.36,449,402.48
247,672,318,1,5.53,299,282.47
247,673,93,1,8.85,939,855.9
247,674,212,1,20.16,599,478.24
248,675,86,1,19.72,3999,3210.4
248,676,47,1,0.84,1299,1288.09
249,677,39,1,4.31,2999,2869.74
250,678,356,1,20.1,399,318.8
250,679,42,1,21.21,2999,2362.91
250,680,151,2,11.27,499,885.53
250,681,64,2,2.01,1899,3721.66
250,682,364,2,14.54,3499,5980.49
251,683,23,2,4.81,1499,2853.8
251,684,164,1,6.75,2099,1957.32
252,685,137,1,1.27,999,986.31
252,686,262,1,12.77,999,871.43
252,687,150,1,3.36,899,868.79
252,688,9,1,0.78,699,693.55
253,689,365,1,1.99,1499,1469.17
253,690,269,1,3.12,1399,1355.35
254,691,165,1,8.52,1799,1645.73
254,692,273,2,5,1599,3038.1
254,693,128,3,5.65,1299,3676.82
255,694,86,1,11.6,3999,3535.12
255,695,147,2,8.62,1429,2611.64
256,696,72,1,13.25,999,866.63
256,697,85,1,10,1599,1439.1
256,698,191,1,1.36,2699,2662.29
256,699,219,1,10.28,449,402.84
257,700,57,1,5.23,1799,1704.91
258,701,67,1,6.4,1299,1215.86
259,702,216,2,7.47,449,830.92
259,703,47,1,19.08,1299,1051.15
259,704,342,1,9.74,3499,3158.2
259,705,113,1,5.25,9999,9474.05
260,706,81,1,23.88,1499,1141.04
260,707,107,1,2.44,1999,1950.22
260,708,228,8,5.94,1299,9774.72
260,709,169,1,7.14,2699,2506.29
261,710,240,2,1.63,2999,5900.23
261,711,324,1,14.69,449,383.04
262,712,67,2,10.91,1299,2314.56
263,713,267,2,1.14,1299,2568.38
263,714,359,1,21.31,3999,3146.81
263,715,205,1,19.52,1199,964.96
264,716,77,1,21.29,1699,1337.28
264,717,81,2,8.38,1499,2746.77
265,718,10,3,9.71,399,1080.77
265,719,213,1,22.17,449,349.46
266,720,10,1,3.22,399,386.15
266,721,245,2,11.2,1299,2307.02
267,722,178,1,16.08,3499,2936.36
267,723,86,2,14.05,3999,6874.28
267,724,13,5,20.53,399,1585.43
267,725,26,2,9.69,999,1804.39
267,726,108,1,10.49,9499,8502.55
268,727,176,1,13.78,1499,1292.44
268,728,16,5,16.14,399,1673.01
269,729,216,1,4.44,449,429.06
270,730,92,1,13.7,899,775.84
270,731,307,2,7.11,879,1633.01
270,732,194,2,19.83,2199,3525.88
270,733,96,1,11.54,3999,3537.52
271,734,112,1,19.8,9999,8019.2
272,735,253,1,25.69,1799,1336.84
272,736,303,1,19.5,1299,1045.7
272,737,110,1,9.17,6999,6357.19
273,738,168,1,8.85,2999,2733.59
274,739,258,1,10.46,1299,1163.12
274,740,66,1,11.49,999,884.21
275,741,362,1,5.46,1999,1889.85
276,742,120,1,12.19,399,350.36
276,743,221,1,13.43,399,345.41
277,744,7,1,12.25,449,394
277,745,96,5,19.29,3999,16137.96
277,746,17,1,3.64,699,673.56
277,747,273,1,6.46,1599,1495.7
278,748,105,2,5.27,1999,3787.31
278,749,115,1,2.86,1999,1941.83
278,750,342,1,7.74,3499,3228.18
279,751,19,1,0.83,999,990.71
279,752,58,1,4.93,1299,1234.96
280,753,270,1,8.47,1999,1829.68
280,754,163,1,10.78,599,534.43
281,755,20,1,13.49,1199,1037.25
282,756,164,1,4.55,2099,2003.5
283,758,219,2,15.79,449,756.21
284,759,70,1,4.54,1499,1430.95
284,760,23,1,10.69,1499,1338.76
284,761,180,2,17.31,2499,4132.85
284,762,22,1,10.41,1499,1342.95
285,763,260,1,14.39,1899,1625.73
285,764,18,3,18.9,449,1092.42
285,765,250,1,14.53,1399,1195.73
285,766,49,1,14.12,1299,1115.58
286,767,9,1,4.97,699,664.26
287,768,195,2,4.01,1999,3837.68
287,769,322,2,6.1,949,1782.22
287,770,86,1,22.69,3999,3091.63
288,771,153,1,0.79,499,495.06
289,772,23,1,20.13,1499,1197.25
290,773,162,5,16.3,699,2925.32
291,774,108,2,11.53,9499,16807.53
291,775,300,2,10.76,999,1783.02
291,776,43,1,17.3,2999,2480.17
292,777,208,2,26.44,2999,4412.13
293,778,294,1,9.45,1999,1810.09
293,779,324,2,3.04,449,870.7
293,780,164,2,22,2099,3274.44
293,781,356,2,6.31,399,747.65
294,782,267,2,5.37,1299,2458.49
294,783,193,1,19.35,1599,1289.59
294,784,85,1,2.17,1599,1564.3
294,785,176,1,13.59,1499,1295.29
294,786,197,1,11.06,1499,1333.21
294,787,332,1,8.61,2999,2740.79
294,788,322,3,0.06,949,2845.29
294,789,130,1,14.3,1999,1713.14
295,790,11,2,9.11,499,907.08
295,791,102,2,21.33,899,1414.49
295,792,112,1,8.13,9999,9186.08
295,793,204,1,3.02,1599,1550.71
295,794,78,5,8.34,999,4578.42
296,795,111,1,6.06,8999,8453.66
296,796,238,1,22.53,1599,1238.75
296,797,192,1,17.64,2999,2469.98
296,798,172,1,3.74,1399,1346.68
296,799,276,2,1.16,1499,2963.22
297,800,148,2,15.72,499,841.11
298,801,33,1,6.78,2499,2329.57
299,802,332,1,6.04,2999,2817.86
299,803,368,1,13.13,399,346.61
299,804,80,1,13.59,3999,3455.54
300,805,195,1,5.22,1999,1894.65
301,806,286,1,17.17,1999,1655.77
302,807,255,1,13.54,1699,1468.96
303,808,314,3,5.31,899,2553.79
304,809,75,2,16.85,1199,1993.94
305,810,376,2,21.67,1299,2035.01
305,811,254,1,18,1299,1065.18
305,812,305,1,22.55,1299,1006.08
305,813,133,1,1.89,1799,1765
305,814,274,1,11.13,3999,3553.91
305,815,338,1,11.92,1449,1276.28
305,816,241,1,14.69,2999,2558.45
306,817,285,1,1.14,2999,2964.81
307,818,152,1,23.39,349,267.37
307,819,161,1,3.6,199,191.84
308,820,191,2,22.52,2699,4182.37
308,821,208,2,1.63,2999,5900.23
308,822,230,1,10.49,999,894.2
309,823,322,2,3.48,949,1831.95
310,824,36,1,13.03,1999,1738.53
311,825,67,2,16.55,1299,2168.03
311,826,251,2,10.2,999,1794.2
312,828,122,1,1.5,1999,1969.02
312,829,325,1,2.81,199,193.41
312,830,236,1,13.51,1499,1296.49
312,831,362,1,22.49,1999,1549.42
313,832,371,1,9.37,1799,1630.43
313,833,136,1,2.87,999,970.33
313,834,150,1,19.15,899,726.84
313,835,136,2,8.21,999,1833.96
313,836,265,1,10.01,1799,1618.92
314,837,280,1,9.56,2499,2260.1
314,838,332,1,0.04,2999,2997.8
314,839,161,1,13.36,199,172.41
315,840,188,1,16.66,1999,1665.97
315,841,62,2,1.23,1299,2566.04
315,842,347,1,17.52,1799,1483.82
316,843,347,2,3.8,1799,3461.28
317,844,362,2,0.75,1999,3968.02
317,845,176,1,7.62,1499,1384.78
318,846,315,1,9.71,499,450.55
319,847,349,1,1.79,3999,3927.42
319,848,41,1,2.51,2999,2923.73
320,849,251,2,18.11,999,1636.16
320,850,315,1,7.79,499,460.13
320,851,216,3,18.13,449,1102.79
321,852,271,2,8.43,1699,3111.55
321,853,235,1,8.72,2499,2281.09
322,854,53,2,17.59,1399,2305.83
322,855,295,5,6.07,1499,7040.05
322,856,361,2,16.02,2199,3693.44
322,857,207,1,15.96,499,419.36
322,858,111,2,2.78,8999,17497.66
323,859,372,2,22.76,1599,2470.14
323,860,100,1,16.11,1999,1676.96
323,861,220,1,6.3,449,420.71
323,862,13,5,17.31,399,1649.67
324,863,116,1,13.52,2499,2161.14
324,864,190,1,15.59,399,336.8
325,865,16,2,8.1,399,733.36
325,866,23,1,10.59,1499,1340.26
325,867,110,1,5.68,6999,6601.46
326,868,329,1,11.95,1799,1584.02
326,869,60,1,9.49,1299,1175.72
326,870,207,1,25.07,499,373.9
326,871,211,1,7.68,599,553
327,872,163,1,8.87,599,545.87
327,873,63,1,4.16,849,813.68
327,874,189,2,4.92,2999,5702.9
327,875,252,1,18.42,1299,1059.72
328,876,163,1,2.26,599,585.46
328,877,3,1,5.63,599,565.28
328,878,111,1,14.26,8999,7715.74
328,879,43,1,7.84,2999,2763.88
329,880,60,2,25.27,1299,1941.49
329,881,124,2,26.39,1299,1912.39
329,882,247,1,21.02,1399,1104.93
329,883,34,1,16.79,1499,1247.32
329,884,24,1,0.97,1299,1286.4
330,885,255,2,7.37,1699,3147.57
330,886,266,2,6.82,1499,2793.54
331,887,6,1,4.33,399,381.72
331,888,34,1,3.99,1499,1439.19
331,889,288,1,18.06,1299,1064.4
331,890,6,1,3.1,399,386.63
332,891,61,1,27,1199,875.27
332,892,136,8,4.6,999,7624.37
333,893,184,1,27.03,4999,3647.77
333,894,11,5,2.43,499,2434.37
333,895,56,1,0.71,1299,1289.78
333,896,266,1,1.52,1499,1476.22
333,897,360,1,11.92,1599,1408.4
333,898,151,1,19.58,499,401.3
333,899,176,1,5.67,1499,1414.01
334,900,124,1,17.1,1299,1076.87
334,901,286,1,21.07,1999,1577.81
334,902,300,1,9.99,999,899.2
335,903,239,2,11.94,2999,5281.84
335,904,84,1,4.06,1299,1246.26
336,905,363,1,4.05,399,382.84
337,906,298,1,6.09,549,515.57
337,907,57,1,19.18,1799,1453.95
337,908,301,2,7.92,999,1839.76
338,909,190,2,16.72,399,664.57
338,910,297,1,11.79,1799,1586.9
338,911,114,1,20.66,3499,2776.11
339,912,287,1,14.26,2499,2142.64
339,913,222,2,20.23,699,1115.18
339,914,275,1,4.3,1499,1434.54
339,915,171,1,7.36,1699,1573.95
340,917,181,2,13.32,2499,4332.27
340,918,76,1,3.52,1999,1928.64
341,919,255,2,13.32,1699,2945.39
342,920,19,2,18.36,999,1631.17
343,921,299,1,3.97,499,479.19
343,922,90,2,2.85,1999,3884.06
343,923,158,1,9.23,949,861.41
343,924,363,2,7.86,399,735.28
344,925,301,1,14.84,999,850.75
344,926,70,1,4.52,1499,1431.25
344,927,203,1,18.5,1599,1303.18
345,928,31,1,17.46,1699,1402.35
345,929,61,1,15.85,1199,1008.96
345,930,362,2,6.93,1999,3720.94
346,931,149,1,1.85,299,293.47
346,932,222,1,24.19,699,529.91
346,933,187,1,24.8,1999,1503.25
347,934,97,1,24.39,1499,1133.39
347,935,138,3,3.01,2199,6398.43
347,936,305,1,11.15,1299,1154.16
347,937,76,1,2.93,1999,1940.43
348,938,219,1,0.85,449,445.18
348,939,184,1,10.56,4999,4471.11
348,940,11,1,5.41,499,472
349,941,41,2,13.8,2999,5170.28
349,942,94,2,21.22,1999,3149.62
349,943,158,2,0.89,949,1881.11
349,944,237,1,11.33,1499,1329.16
350,945,164,2,19.14,2099,3394.5
350,946,64,3,20.4,1899,4534.81
350,947,207,1,9.39,499,452.14
350,948,191,1,3.48,2699,2605.07
351,950,89,2,19.24,1699,2744.22
351,951,17,1,10.94,699,622.53
352,952,224,2,17.08,1199,1988.42
353,953,362,1,2.33,1999,1952.42
353,954,274,1,22.04,3999,3117.62
353,955,39,2,22.06,2999,4674.84
354,956,318,1,15.9,299,251.46
355,957,142,1,2.49,989,964.37
356,958,74,1,0.51,1399,1391.87
356,959,229,1,2.6,1499,1460.03
356,960,95,2,3.11,1999,3873.66
357,961,253,1,12.36,1799,1576.64
357,962,336,1,12.23,1399,1227.9
357,963,173,1,22.92,1499,1155.43
357,964,252,2,15.31,1299,2200.25
358,965,317,1,10.58,499,446.21
358,966,124,2,7.72,1299,2397.43
358,967,319,1,17.43,299,246.88
358,968,316,2,16.23,349,584.71
358,969,46,1,5.04,1183,1123.38
359,970,363,1,12.66,399,348.49
360,971,286,1,6.99,1999,1859.27
360,972,132,1,10.62,2499,2233.61
360,973,103,2,19.59,939,1510.1
361,974,124,1,12.04,1299,1142.6
362,975,219,1,19.1,449,363.24
363,976,173,1,7.78,1499,1382.38
364,977,313,1,19.85,299,239.65
364,978,253,1,26.39,1799,1324.24
364,979,300,1,19.42,999,804.99
365,980,277,1,0.91,1299,1287.18
366,981,240,1,9.84,2999,2703.9
366,982,198,2,8.58,499,912.37
366,983,341,1,4.32,3499,3347.84
366,984,110,1,15.03,6999,5947.05
367,985,371,1,17.52,1799,1483.82
367,986,97,1,10.17,1499,1346.55
368,987,100,1,11.41,1999,1770.91
369,988,187,1,1.63,1999,1966.42
369,989,157,1,21.25,799,629.21
369,990,198,1,17.6,499,411.18
370,991,373,1,0.94,1599,1583.97
370,992,196,1,21.88,399,311.7
371,993,80,1,23.5,3999,3059.24
372,994,289,2,20.71,2099,3328.59
372,995,76,2,4.24,1999,3828.48
372,996,336,8,3.41,1399,10810.35
372,997,170,1,25.54,1799,1339.54
372,998,175,2,14.03,3999,6875.88
373,999,331,2,3.96,1499,2879.28
373,1000,91,2,16.14,3999,6707.12
373,1001,253,1,11.91,1799,1584.74
373,1002,113,1,22.84,9999,7715.23
374,1003,200,1,11.14,399,354.55
374,1004,354,3,20.52,2999,7150.82
375,1005,39,1,4.86,2999,2853.25
375,1006,229,1,9.98,1499,1349.4
375,1007,179,1,6.65,2999,2799.57
